C,1.16216,0.096563,1,4
C,0.972603,0.0748111,0,4
C,0.930233,0.133479,0,4
C,0.846154,0.110613,0,2
C,1.11364,0.115287,1,2
C,0.757576,0.103906,0,4
C,0.319444,0.127783,0,2
C,0.836879,0.10351,1,4
C,0.608392,0.117629,0,2
C,0.983146,0.134923,1,4
C,1.5,0.0934189,0,6
C,0.692308,0.131142,1,2
C,0.727273,0.10022,0,2
C,0.675,0.0876616,0,4
C,1.07955,0.091854,1,4
C,0.763636,0.141344,0,2
C,0.513274,0.169746,0,2
C,1.12,0.141614,0,4
C,0.96,0.128869,1,2
C,0.564516,0.136849,1,4
C,0.972973,0.104914,0,4
C,0.816176,0.131217,1,2
C,0.604938,0.0701722,0,4
C,0.896552,0.125895,1,2
C,0.688889,0.123267,0,4
C,0.885714,0.125474,1,2
C,0.7,0.11306,1,4
C,0.871795,0.096002,1,4
C,0.615385,0.113421,0,2
C,0.744681,0.12843,0,2
C,0.823529,0.140655,0,4
C,0.741935,0.126934,1,2
C,0.887097,0.121672,1,2
C,0.854167,0.129314,1,2
C,0.885246,0.115509,1,2
C,0.666667,0.177228,0,2
C,0.864407,0.132636,0,2
C,0.862069,0.0986068,1,4
C,0.517241,0.100871,1,4
C,0.921569,0.130177,0,4
C,0.733333,0.106572,0,2
C,0.794118,0.11861,1,2
C,0.902439,0.0939126,0,4
C,0.592179,0.0845652,0,2
C,0.71875,0.146901,0,4
C,1.13725,0.107222,1,4
C,0.822581,0.168731,0,2
C,0.736842,0.116833,0,2
C,0.858156,0.113617,0,4
C,0.968085,0.124088,0,4
C,0.853448,0.0958392,1,4
C,0.648148,0.0810104,2,4
C,0.636364,0.11094,1,2
C,0.821429,0.126398,1,4
C,0.794872,0.10332,0,2
C,0.575,0.109245,0,2
C,0.857143,0.16015,0,4
C,0.84,0.121434,1,2
C,1.32278,0.109738,0,6
C,0.914286,0.135856,1,2
C,1.12174,0.10001,0,4
C,0.767677,0.14429,0,4
C,0.705882,0.172131,0,2
C,1.33108,0.0968392,0,6
C,0.946237,0.142909,1,2
C,1,0.163722,0,4
C,0.263566,0.133497,0,2
C,0.78,0.117945,0,2
C,0.666667,0.0981656,0,4
C,0.131783,0.156104,0,2
C,0.558036,0.107804,0,4
C,0.558659,0.136602,0,4
C,0.956522,0.121903,0,4
C,0.721311,0.183525,0,2
C,0.871795,0.108735,0,4
C,0.87218,0.133577,1,2
C,0.945946,0.132358,1,4
C,0.86747,0.126682,1,4
C,1.07407,0.117436,0,2
C,0.367713,0.134959,0,2
C,0.471795,0.118543,0,2
C,0.962963,0.138206,1,2
C,0.893443,0.115384,1,4
C,0.657895,0.121049,0,2
C,0.521429,0.105218,0,4
C,0.488889,0.148247,0,2
C,0.90625,0.0928238,1,4
C,0.846154,0.087589,0,4
C,0.969432,0.064676,0,6
C,0.666667,0.126302,0,4
C,0.766667,0.087487,2,4
C,0.670391,0.170921,0,2
C,0.823529,0.100113,1,4
C,0.647059,0.0872769,0,4
C,0.695652,0.096874,0,4
C,0.695122,0.0991766,0,4
C,0.542373,0.131954,1,2
C,0.75,0.127577,1,4
C,0.932692,0.122128,0,2
C,0.325843,0.211652,0,2
C,0.862069,0.117629,1,2
C,0.818182,0.10781,0,4
C,0.5,0.161604,0,2
C,0.69697,0.0977588,0,4
C,0.625,0.143072,0,4
C,0.661972,0.106249,0,2
C,0.828571,0.14329,0,4
C,0.869565,0.151706,0,4
C,0.904762,0.117757,1,2
C,0.774194,0.0869597,2,4
C,1.04082,0.101416,0,4
C,0.948718,0.0899024,0,4
C,0.944444,0.142302,0,2
C,0.638298,0.104775,2,4
C,1.23194,0.101401,0,4
C,0.568965,0.120229,0,4
C,1.025,0.09609,0,6
C,1.07692,0.10666,0,2
C,1,0.129879,0,2
C,0.83871,0.099926,1,4
C,0.786325,0.0955318,0,4
C,0.847059,0.0884983,0,4
C,0.543011,0.0789433,1,4
C,0.539062,0.148908,0,2
C,1.48,0.118967,0,6
C,0.79,0.114318,0,4
C,0.790323,0.109172,1,2
C,0.305882,0.126697,0,2
C,0.857143,0.123983,0,2
C,0.324074,0.115078,0,2
C,0.569444,0.128885,0,2
C,0.68254,0.121943,1,4
C,0.692308,0.11127,0,2
C,0.888889,0.124462,0,2
C,1.1464,0.114447,0,4
C,0.897959,0.128887,0,4
C,0.647059,0.101376,0,4
C,0.972973,0.110484,1,4
C,0.921569,0.107328,0,2
C,0.886957,0.0984399,1,4
C,0.214286,0.179725,0,2
C,0.928571,0.127303,1,2
C,0.8,0.12877,0,2
C,0.9625,0.108575,0,4
C,0.717949,0.135058,0,2
C,0.941176,0.0889831,0,4
C,0.666667,0.0872801,0,4
C,0.723404,0.141616,1,2
C,0.622222,0.125511,1,4
C,1.05714,0.142757,1,4
C,0.9,0.0842949,0,2
C,0.806452,0.121794,1,2
C,0.845714,0.129206,1,4
C,1,0.118683,1,4
C,0.973684,0.113749,0,2
C,0.958333,0.150682,0,4
C,0.831081,0.109227,1,4
C,0.356643,0.142574,0,2
C,0.677419,0.0899245,0,2
C,0.787879,0.126316,1,4
C,0.361257,0.147509,0,2
C,0.471698,0.208407,0,2
C,0.675,0.132826,0,2
C,0.785714,0.129455,1,4
C,0.827957,0.100275,1,4
C,0.727273,0.105337,1,4
C,1.13043,0.130234,0,4
C,0.725,0.130183,0,2
C,0.82,0.107211,0,4
C,0.511111,0.168246,0,2
C,0.794118,0.0919548,0,4
C,1.1,0.0966379,0,2
C,0.884615,0.116027,1,2
C,1.08333,0.0919257,0,4
C,0.890909,0.139785,0,4
C,0.71875,0.120525,0,2
C,0.98,0.118205,1,4
C,0.71,0.117127,0,2
C,0.643357,0.114035,0,4
C,0.676471,0.0883202,0,4
C,0.923077,0.114698,0,2
C,0.256637,0.123826,0,2
C,1.33333,0.116155,0,6
C,0.588235,0.119318,1,4
C,0.789474,0.111166,1,4
C,0.965517,0.13416,1,2
C,1.21212,0.0949937,1,4
C,1.39394,0.103617,0,6
C,0.547619,0.152541,0,2
C,0.416667,0.132075,0,2
C,0.28655,0.122676,0,2
C,0.907407,0.139248,0,4
C,0.850932,0.114577,0,2
C,1.02083,0.104548,0,4
C,1.41667,0.120699,0,6
C,0.96,0.0989147,1,4
C,0.945946,0.0754239,0,4
C,0.915663,0.110653,0,4
C,0.684783,0.0891057,0,4
C,0.704225,0.122031,0,2
C,0.794118,0.131631,2,4
C,1.15789,0.12616,1,2
C,0.970588,0.0939415,1,4
C,0.362791,0.103487,0,4
C,0.793103,0.137634,2,2
C,0.543478,0.113789,0,4
C,0.882353,0.0903877,0,4
C,0.508929,0.16912,0,2
C,1.45455,0.104697,1,2
C,0.9375,0.137212,1,2
C,0.909091,0.0995575,1,4
C,0.785714,0.105403,0,4
C,0.862745,0.132543,0,4
C,0.710526,0.130584,2,4
C,0.536842,0.163817,0,2
C,0.69281,0.0931585,0,2
C,0.576271,0.096454,0,4
C,0.83871,0.138947,0,4
C,0.722222,0.121625,1,2
C,1.22137,0.0961002,0,6
C,0.7,0.124186,0,2
C,0.878788,0.140562,0,4
C,0.6,0.102778,1,4
C,1.06522,0.119224,1,4
C,0.877551,0.122776,1,4
C,0.619355,0.0950615,0,2
C,0.478947,0.122015,0,4
C,0.774194,0.108608,0,4
C,0.69697,0.0901239,0,2
C,0.851852,0.12547,1,4
C,0.589744,0.138026,1,2
C,1.3299,0.0848607,0,6
C,0.796296,0.127245,1,2
C,1.06522,0.0856272,1,4
C,0.942308,0.104247,1,4
C,1.36364,0.112002,0,6
C,1.03704,0.11771,0,4
C,0.7,0.137485,1,2
C,0.640777,0.115388,0,2
C,0.563536,0.13511,0,4
C,0.317073,0.194058,0,2
C,1.05,0.103802,1,4
C,0.918919,0.0956799,0,4
C,0.649718,0.113899,2,4
C,1.17391,0.135826,0,4
C,0.92,0.12877,0,2
C,0.5625,0.139415,0,2
C,1.27723,0.0985523,0,6
C,0.619048,0.151937,1,2
C,0.636364,0.114866,0,2
C,0.849879,0.136629,0,4
C,0.837121,0.101573,1,6
C,0.535714,0.114001,1,4
C,1,0.0895931,0,4
C,1.04762,0.0981692,1,4
C,0.769231,0.105437,0,4
C,0.78125,0.136775,0,4
C,0.651163,0.132726,0,4
C,0.608696,0.132395,1,4
C,0.222222,0.191228,0,2
C,1.01111,0.124518,1,4
C,1.17391,0.0889998,2,4
C,1,0.123645,0,4
C,0.9375,0.128588,0,2
C,0.813793,0.0993009,1,4
C,1.07407,0.101723,1,4
C,0.359223,0.172885,0,2
C,1.35294,0.104679,0,4
C,0.644444,0.0819072,1,4
C,0.681818,0.128615,0,4
C,0.57767,0.111215,0,2
C,0.625,0.131266,0,2
C,0.818182,0.111313,1,2
C,0.888889,0.133333,1,2
C,0.787879,0.13936,0,4
C,0.95,0.122266,0,6
C,0.571429,0.121951,0,4
C,0.884615,0.117646,1,4
C,0.803571,0.105379,1,4
C,0.8,0.140582,0,4
C,0.273504,0.144179,0,2
C,1,0.130738,1,2
C,1.01429,0.092983,1,4
C,0.366412,0.117847,1,2
C,0.869565,0.101519,1,4
C,0.75,0.103712,1,2
C,0.77193,0.135603,1,2
C,0.867925,0.14477,1,2
C,0.8,0.111689,0,4
C,0.47619,0.16201,0,2
C,0.847458,0.123502,0,2
C,0.617021,0.102716,2,2
C,0.85,0.120429,0,4
C,0.769231,0.128922,1,2
C,0.84375,0.120336,1,2
C,1.19524,0.140004,1,2
C,0.821429,0.148187,1,2
C,0.910448,0.155124,0,2
C,0.760563,0.120142,0,4
C,0.577982,0.112046,0,4
C,0.714286,0.147792,0,2
C,0.823529,0.129586,1,2
C,0.774194,0.132911,1,4
C,0.96875,0.133654,1,2
C,1.02765,0.130995,0,2
C,0.521429,0.108375,0,4
C,0.752475,0.118446,0,2
C,0.828571,0.0943729,1,2
C,0.762821,0.104562,0,4
C,0.764706,0.143407,0,2
C,0.666667,0.125498,0,2
C,0.311688,0.212814,0,2
C,0.574661,0.102019,1,4
C,0.970588,0.0909933,1,4
C,0.597826,0.14174,0,2
C,0.983607,0.10852,0,4
C,0.707547,0.0933695,0,4
C,0.602339,0.127803,0,2
C,1.0119,0.0832381,0,6
C,0.458333,0.119212,0,2
C,0.794118,0.0926473,0,4
C,1.01587,0.152488,1,2
C,0.890909,0.139049,0,4
C,1.17647,0.0802803,0,4
C,1.02857,0.131787,1,4
C,0.569231,0.129193,1,2
C,0.928571,0.0950081,1,4
C,0.852174,0.0991911,1,4
C,0.962963,0.135831,1,2
C,0.526316,0.102606,1,4
C,0.934783,0.134456,0,2
C,0.817204,0.138796,1,2
C,0.654545,0.110381,1,4
C,1.24074,0.143182,0,4
C,0.577465,0.157013,0,2
C,1.48485,0.11602,0,4
C,0.901408,0.14524,0,4
C,0.882653,0.103207,0,4
C,0.87037,0.143474,1,2
C,0.625,0.128749,0,2
C,0.657895,0.101189,1,4
C,0.54,0.158646,0,2
C,0.868421,0.105932,1,4
C,0.740741,0.12877,0,4
C,0.890909,0.141408,0,4
C,0.582278,0.0809321,0,2
C,0.804348,0.127091,1,2
C,0.607143,0.121988,0,2
C,1.03158,0.0892345,0,2
C,1,0.138665,1,2
C,0.671756,0.127005,0,4
C,1.18919,0.0918805,0,6
C,0.583333,0.113066,0,4
C,0.928571,0.126922,1,2
C,0.611111,0.144917,0,2
C,0.585859,0.107095,0,4
C,0.84,0.115502,0,4
C,0.875,0.124943,1,2
C,0.892857,0.141108,0,4
C,0.740157,0.132568,0,2
C,0.757895,0.146726,1,2
C,0.258065,0.192361,0,2
C,0.866667,0.14146,1,2
C,0.365979,0.132331,0,2
C,1.04348,0.105331,0,4
C,0.848485,0.0972367,1,4
C,1.37143,0.114477,0,6
C,0.323741,0.125336,0,2
C,0.837662,0.127733,1,2
C,1.20755,0.101515,0,6
C,0.868421,0.116387,1,4
C,0.684211,0.100123,0,4
C,0.527778,0.155199,0,2
C,0.878788,0.0949645,1,4
C,0.886957,0.0997954,1,4
C,0.5625,0.146236,0,2
C,0.911765,0.0964475,1,4
C,0.689189,0.0890606,0,4
C,0.318182,0.210149,0,2
C,0.970588,0.101926,1,4
C,0.9,0.126608,0,2
C,0.536765,0.116002,1,4
C,0.507853,0.11989,1,2
C,0.968085,0.140526,1,2
C,0.814815,0.146021,1,2
C,1.01042,0.124585,1,2
C,1.12821,0.125762,0,2
C,0.545455,0.191082,0,2
C,0.895833,0.107383,0,4
C,1.27143,0.0999719,0,6
C,0.76,0.170956,0,2
C,0.633588,0.128275,0,2
C,0.503145,0.158219,0,2
C,0.911765,0.0956556,0,4
C,1.1,0.0970074,0,2
C,0.658986,0.158916,0,2
C,1.61111,0.0697792,0,8
C,0.673469,0.107051,1,2
C,0.72973,0.129582,1,4
C,0.555556,0.138143,0,2
C,0.577778,0.174101,0,2
C,0.941558,0.117997,1,2
C,0.916667,0.103358,1,4
C,0.980263,0.119947,1,2
C,0.608696,0.137765,0,2
C,0.925926,0.136309,0,4
C,0.794118,0.0922313,0,4
C,1.125,0.11951,0,2
C,0.923077,0.105148,1,4
C,0.490196,0.168504,0,2
C,0.616114,0.102668,1,4
C,0.512195,0.14886,0,2
C,0.892857,0.122547,1,2
C,0.885714,0.126025,1,2
C,0.892308,0.124269,0,2
C,0.649254,0.12965,0,2
C,0.843137,0.130814,0,2
C,0.786667,0.131632,0,2
C,0.666667,0.108859,1,2
C,0.636364,0.179017,0,2
C,0.906977,0.136509,0,4
C,0.232558,0.147104,0,2
C,0.315068,0.209567,0,2
C,0.907489,0.110692,0,2
C,0.985294,0.116344,0,2
C,0.923077,0.129097,1,2
C,0.923077,0.139054,1,2
C,0.955556,0.123562,1,2
C,0.892857,0.14374,0,4
C,0.630435,0.126422,0,2
C,0.944444,0.108322,1,4
C,0.342466,0.168955,0,2
C,0.666667,0.143346,1,2
C,0.571429,0.148869,0,2
C,0.896552,0.128479,1,2
C,0.90625,0.141944,0,4
C,0.984848,0.123917,0,4
C,0.5,0.10456,1,4
C,0.545455,0.106392,0,4
C,0.846154,0.143384,1,2
C,0.78125,0.0999687,1,4
C,0.794872,0.103422,0,4
C,1.07407,0.112823,1,2
C,0.962963,0.107362,1,4
C,0.617188,0.122481,0,2
C,0.653846,0.1437,0,2
C,0.672727,0.131765,0,2
C,0.866667,0.128886,1,2
C,0.891304,0.131088,1,4
C,0.513967,0.12535,0,2
C,0.692308,0.114345,0,2
C,0.884211,0.153467,0,4
C,0.859375,0.12784,1,2
C,0.386364,0.0769428,0,2
C,0.731707,0.13555,0,2
C,0.519685,0.100083,0,4
C,0.657143,0.0881205,0,4
C,0.606061,0.153012,0,2
C,0.786458,0.123187,0,2
C,0.623037,0.120906,0,2
C,1.11364,0.112897,1,2
C,1.16031,0.0866041,0,6
C,0.429104,0.0733209,1,4
C,0.195652,0.182499,0,2
C,1.07692,0.10666,0,2
C,0.605442,0.0881738,0,2
C,0.797297,0.0999277,1,4
C,0.771429,0.132184,1,4
C,0.606061,0.183417,0,2
C,0.757576,0.124177,1,2
C,0.555556,0.159378,0,2
C,1.24201,0.0821262,0,6
C,0.690909,0.10128,1,4
C,0.978261,0.119981,0,4
C,0.676692,0.115538,0,4
C,0.488889,0.169312,0,2
C,0.438596,0.167034,0,2
C,0.540816,0.182285,0,2
C,0.958333,0.146558,0,4
C,0.666667,0.123963,1,4
C,0.586667,0.11799,0,2
C,1.25,0.11574,0,6
C,0.871795,0.108711,0,4
C,0.617021,0.102735,2,4
C,1.02062,0.085098,0,4
C,0.84,0.123081,1,2
C,1.25,0.114708,0,6
C,0.916667,0.11068,0,4
C,0.885714,0.131466,1,2
C,0.939394,0.0994191,0,4
C,0.78125,0.143931,0,4
C,0.567568,0.135155,0,2
C,0.839744,0.124119,0,4
C,0.966667,0.145316,1,2
C,1.125,0.114531,1,2
C,0.871795,0.128855,0,4
C,0.891892,0.10314,0,2
C,1.55556,0.110364,0,6
C,0.675676,0.138563,0,4
C,1.03279,0.106212,1,4
C,2.23333,0.0886964,2,4
C,0.650485,0.114391,0,2
C,0.928571,0.121478,1,2
C,0.214815,0.175298,0,2
C,0.956522,0.152494,0,4
C,0.519231,0.158009,0,2
C,0.8,0.098906,1,4
C,1.22791,0.075383,0,8
C,0.483333,0.173885,0,2
C,0.492754,0.0978332,0,4
C,0.84,0.15511,0,2
C,0.741935,0.151505,1,2
C,0.793103,0.0986275,0,4
C,0.72028,0.110152,1,4
C,0.717172,0.117744,1,4
C,0.636364,0.15647,0,2
C,0.857143,0.11435,0,4
C,0.623077,0.122895,0,2
C,0.794643,0.113306,0,4
C,0.45679,0.0824369,0,4
C,0.593301,0.105793,0,4
C,0.78125,0.123377,1,2
C,0.864583,0.0886763,5,6
C,0.524823,0.117129,1,4
C,0.869565,0.10198,1,2
C,0.923077,0.101637,0,4
C,0.568965,0.134379,1,2
C,0.585366,0.17097,0,2
C,1.06522,0.106291,0,4
C,0.617021,0.131765,1,2
C,0.5,0.0946656,1,4
C,0.60396,0.140653,0,2
C,0.846154,0.118371,1,4
C,0.689655,0.162286,0,2
C,0.451613,0.158206,0,2
C,1.12281,0.0983274,0,4
C,0.677966,0.126941,1,2
C,1.05882,0.111496,0,4
C,0.764706,0.094907,0,2
C,0.770833,0.123451,0,4
C,0.72,0.126267,1,4
C,0.65,0.144161,1,2
C,0.585366,0.140083,0,2
C,0.861111,0.118443,0,4
C,1.17544,0.12506,0,4
C,0.848485,0.142408,0,4
C,1,0.0879735,0,2
C,0.843137,0.0958088,1,4
C,0.88,0.11391,1,4
C,0.896552,0.105841,0,2
C,0.887324,0.133065,1,2
C,0.757895,0.148947,1,2
C,0.710526,0.122199,0,2
C,0.947368,0.0894948,0,4
C,1.02344,0.0972584,1,4
C,0.627907,0.173978,0,2
C,0.597015,0.164421,0,2
C,0.893617,0.117236,1,2
C,0.878049,0.0952099,1,4
C,0.55,0.145483,0,2
C,1.14062,0.125542,1,2
C,0.74,0.127992,0,2
C,0.771429,0.0909933,0,2
C,0.726027,0.111405,0,2
C,0.630137,0.142864,0,4
C,0.848485,0.120672,1,2
C,0.673077,0.0976683,1,4
C,0.846154,0.113264,0,2
C,0.673913,0.244004,0,2
C,0.602273,0.131736,0,4
C,0.811594,0.155211,0,4
C,0.807692,0.1425,1,2
C,1.09375,0.123937,1,2
C,0.516129,0.155864,0,2
C,0.625,0.0817652,0,4
C,0.269841,0.201047,0,2
C,1.17982,0.126484,0,4
C,0.594595,0.118697,0,2
C,0.933333,0.118758,1,2
C,0.846154,0.0897791,0,4
C,0.970588,0.119238,1,2
C,0.69697,0.113662,1,2
C,0.6,0.134782,0,2
C,0.581081,0.135605,0,4
C,0.690909,0.101198,1,4
C,0.390244,0.13084,0,2
C,0.956522,0.114517,0,2
C,0.847458,0.130762,0,2
C,0.810127,0.124299,1,2
C,0.836735,0.1215,0,4
C,0.675676,0.130149,0,2
C,1.05455,0.0994706,1,4
C,1,0.110855,1,2
C,0.659091,0.0954742,0,4
C,0.72973,0.126267,0,2
C,0.816327,0.106213,1,4
C,0.537313,0.109098,0,4
C,0.7,0.124544,0,2
C,0.536,0.100119,0,2
C,0.894737,0.124716,0,2
C,0.780488,0.130976,0,4
C,0.846154,0.112483,1,4
C,0.84,0.110217,1,4
C,0.777778,0.126349,1,2
C,0.891667,0.113819,1,4
C,0.679758,0.104052,0,4
C,1.23744,0.112523,1,4
C,0.821429,0.102856,0,2
C,0.826923,0.104722,1,4
C,0.717949,0.112642,1,4
C,0.943396,0.10884,0,2
C,0.868217,0.124757,1,2
C,0.722222,0.129325,1,2
C,0.823529,0.0900424,2,4
C,0.631579,0.111803,0,2
C,0.804348,0.141598,0,2
C,1,0.121175,1,2
C,0.965517,0.134555,1,2
C,0.626506,0.0881677,1,4
C,0.414365,0.147106,0,2
C,0.869565,0.10406,0,4
C,0.729032,0.11612,1,2
C,0.888889,0.147061,0,4
C,0.907407,0.137936,0,4
C,0.511628,0.156788,0,2
C,0.95,0.103295,0,2
C,0.892857,0.118822,0,2
C,0.92,0.124436,1,4
C,0.839744,0.125394,2,2
C,0.878788,0.110479,0,2
C,1,0.102856,1,4
C,0.830986,0.10062,0,2
C,0.346939,0.140534,0,2
C,0.930556,0.110623,1,4
C,0.545455,0.158333,0,2
C,0.83871,0.13946,0,4
C,0.694444,0.108864,0,2
C,0.798246,0.104094,0,4
C,0.943662,0.072919,0,4
C,0.885714,0.131466,1,2
C,0.892857,0.14755,0,4
C,0.882353,0.087059,0,4
C,0.927711,0.105446,0,4
C,1.15909,0.104498,0,6
C,0.962963,0.145895,1,2
C,0.588785,0.104617,1,4
C,0.671429,0.105071,0,2
C,0.882353,0.0916421,1,4
C,0.822222,0.138348,0,2
C,0.605263,0.142046,1,4
C,1.52703,0.110767,0,6
C,0.830189,0.106594,0,4
C,0.541899,0.126517,0,4
C,0.833333,0.118165,0,4
C,0.788462,0.124734,0,2
C,0.74359,0.11363,0,2
C,0.694444,0.1069,1,4
C,0.952381,0.129391,1,2
C,1.30464,0.0961218,0,6
C,0.721311,0.141532,0,2
C,0.925466,0.118101,1,2
C,0.773333,0.10367,1,4
C,1,0.0960011,1,4
C,0.683673,0.104043,1,4
C,0.822222,0.138451,0,2
C,0.525822,0.111416,1,4
C,0.8125,0.141989,1,2
C,0.701493,0.0987732,2,4
C,0.607143,0.113451,1,4
C,1.13043,0.130234,0,4
C,0.940476,0.120134,1,2
C,1.05882,0.103107,0,4
C,0.365079,0.107305,0,2
C,0.785714,0.161441,0,2
C,1,0.102348,0,2
C,0.515152,0.157722,0,2
C,0.7,0.0894774,0,4
C,0.846154,0.132832,1,2
C,0.440476,0.117429,1,4
C,0.847134,0.116366,1,2
C,0.651163,0.101782,2,4
C,0.610619,0.118789,1,2
C,0.891304,0.0950606,1,4
C,0.726027,0.111405,0,2
C,0.866667,0.129462,1,2
C,0.245283,0.143805,0,2
C,0.37156,0.0987705,1,4
C,0.830508,0.124019,0,2
C,0.330508,0.132484,0,2
C,0.944444,0.0938267,0,2
C,0.756098,0.118557,0,4
C,0.711538,0.107095,0,4
C,0.666667,0.127425,1,2
C,0.882353,0.0937429,1,4
C,0.635593,0.0891465,1,4
C,0.764706,0.104828,0,4
C,0.867925,0.13058,0,2
C,0.842857,0.12913,0,2
C,0.286364,0.133695,0,2
C,0.659091,0.0801571,1,4
C,0.84,0.137091,0,2
C,0.777778,0.126017,1,2
C,1,0.097717,1,4
C,0.164706,0.154351,0,2
C,0.851064,0.109416,0,2
C,1,0.118511,0,4
C,0.550725,0.152104,0,2
C,0.941176,0.0945553,0,4
C,0.979167,0.108561,0,4
C,0.544304,0.12409,0,2
C,0.680556,0.090032,0,4
C,1.21739,0.0747623,0,6
C,1.625,0.110452,0,6
C,1.025,0.0957986,1,4
C,0.823529,0.138648,0,4
C,0.842105,0.11453,1,4
C,0.716667,0.158397,0,2
C,0.976562,0.11152,1,4
C,1.06757,0.128704,1,2
C,0.87037,0.144522,1,2
C,0.896552,0.150973,0,4
C,0.65,0.110845,0,2
C,0.493151,0.088547,0,4
C,0.509804,0.163768,0,2
C,0.829787,0.12761,1,2
C,0.862069,0.112546,1,2
C,0.7,0.121561,0,2
C,1.08686,0.119938,0,2
C,0.176471,0.178317,0,2
C,0.346939,0.14585,0,2
C,0.846154,0.124959,1,2
C,0.771429,0.117736,1,2
C,0.571429,0.144848,0,2
C,0.911111,0.123812,1,4
C,0.804348,0.142192,0,2
C,0.428571,0.152824,0,2
C,0.521739,0.163698,0,2
C,0.606936,0.0927799,1,4
C,0.470085,0.121348,0,2
C,0.788462,0.142014,0,2
C,0.731707,0.1155,1,4
C,0.66879,0.0902669,1,4
C,0.847458,0.11898,0,2
C,0.563536,0.0948327,1,4
C,0.599138,0.120168,1,4
C,0.493151,0.088547,0,4
C,0.913043,0.0984197,0,4
C,1.46154,0.119746,0,6
C,0.852941,0.095628,1,4
C,0.951219,0.115554,0,2
C,0.787879,0.109994,0,4
C,0.877551,0.115562,0,4
C,1.11429,0.141494,0,4
C,0.598039,0.0774688,2,4
C,0.54955,0.142867,0,2
C,0.689655,0.161241,1,2
C,0.926829,0.0973822,1,4
C,0.446097,0.0846963,1,4
C,0.631579,0.162835,0,2
C,0.755102,0.124736,0,2
C,0.854167,0.083819,0,4
C,0.746835,0.0886045,1,4
C,0.25,0.12192,0,2
C,0.842105,0.0947587,0,4
C,0.508475,0.117369,0,2
C,1.42308,0.119303,0,6
C,0.815789,0.0983369,1,4
C,11.5897,0.135204,0,2
C,0.878788,0.112671,1,2
C,0.90991,0.0968764,0,4
C,0.740741,0.111355,0,2
C,0.432432,0.153411,0,2
C,1.0137,0.115899,1,2
C,0.874016,0.117021,0,4
C,0.754386,0.103993,0,2
C,0.735849,0.118155,1,4
C,0.866667,0.10564,0,2
C,0.923077,0.122836,0,2
C,0.181818,0.177497,0,2
C,0.591549,0.121138,0,4
C,0.870968,0.129175,1,2
C,1.10638,0.130677,0,2
C,0.714286,0.0937307,1,4
C,0.973333,0.121241,0,2
C,0.885714,0.117391,1,2
C,0.333333,0.128112,0,2
C,0.742857,0.133675,1,2
C,0.280788,0.14382,0,2
C,0.710526,0.106048,1,2
C,1.46154,0.0793969,0,6
C,0.685185,0.141221,0,2
C,0.26,0.188704,0,2
C,0.679688,0.120214,0,4
C,0.868132,0.149565,0,4
C,1.38889,0.11176,0,6
C,0.794643,0.115874,0,4
C,0.4266,0.148148,0,2
C,0.837838,0.153181,0,2
C,1.08824,0.113331,0,2
C,0.874126,0.121849,0,4
C,0.90566,0.123941,0,2
C,1.31818,0.0819512,0,6
C,0.882353,0.127492,0,4
C,0.90566,0.150381,0,4
C,0.621951,0.132103,0,2
C,0.862637,0.11915,1,2
C,0.851064,0.127675,1,2
C,0.825581,0.118967,1,4
C,0.746269,0.108706,1,4
C,0.854167,0.0949255,0,6
C,1,0.126238,0,2
C,0.878788,0.121663,1,2
C,0.723404,0.103102,1,4
C,1.625,0.110452,0,6
C,0.827586,0.105005,1,4
C,0.777778,0.139409,1,2
C,0.742857,0.0900425,2,4
C,0.72449,0.10629,1,2
C,0.63587,0.132133,0,2
C,0.798742,0.13111,1,2
C,0.97561,0.107863,1,2
C,0.544872,0.158251,0,2
C,0.821918,0.126134,0,4
C,0.965517,0.133631,1,2
C,0.897059,0.0996944,0,4
C,1.04878,0.0804983,0,4
C,0.942982,0.125007,1,4
C,1.04444,0.0865117,1,4
C,0.255814,0.198493,0,2
C,0.82069,0.103788,1,4
C,0.621622,0.0929266,0,4
C,0.567568,0.146249,0,2
C,1.02632,0.0888002,0,4
C,0.833333,0.144838,1,2
C,0.919355,0.0994921,0,4
C,0.978495,0.141375,1,2
C,0.885714,0.142628,1,2
C,0.460526,0.164412,0,2
C,0.956044,0.141961,1,2
C,0.884615,0.132601,1,2
C,0.807018,0.139583,1,2
C,0.8125,0.119411,0,4
C,0.956522,0.132492,1,2
C,0.981481,0.125424,1,4
C,0.503497,0.1521,0,2
C,0.862069,0.11828,0,2
C,0.884615,0.102115,0,4
C,0.782609,0.110845,0,4
C,0.636364,0.117502,1,4
C,0.55618,0.0991378,0,4
C,0.727273,0.104297,0,2
C,1.12195,0.0985633,0,2
C,0.705882,0.117367,1,4
C,1.05128,0.0961852,0,4
C,0.631579,0.163538,0,2
C,0.235772,0.19192,0,2
C,0.9,0.0975478,1,4
C,0.78125,0.0943533,0,2
C,0.227723,0.191649,0,2
C,1,0.0976813,1,4
C,0.649123,0.119427,1,4
C,1,0.141531,1,2
C,0.768293,0.114953,1,4
C,0.868421,0.110189,0,2
C,0.594059,0.142795,0,2
C,0.760563,0.138464,0,2
C,1.46875,0.0766418,1,4
C,0.395349,0.0966373,0,4
C,0.558442,0.106263,0,4
C,0.690909,0.0947607,1,4
C,0.847458,0.111809,1,4
C,0.703125,0.112836,0,2
C,0.848485,0.117367,1,2
C,0.610465,0.0974626,0,4
C,1.21739,0.121413,1,2
C,0.872727,0.136127,0,2
C,0.746154,0.13261,1,2
C,0.857143,0.120465,0,2
C,0.854015,0.0940476,0,4
C,0.86911,0.0954219,0,6
C,0.938776,0.0874197,0,4
C,0.892857,0.137753,0,4
C,1.62963,0.111524,0,4
C,0.764706,0.126157,1,2
C,1,0.132095,0,2
C,0.536585,0.13646,0,2
C,0.869159,0.0924588,1,4
C,0.660194,0.0939073,0,2
C,0.90566,0.141069,1,2
C,0.658537,0.124827,0,2
C,1.02041,0.109658,1,4
C,1.01351,0.116016,1,2
C,0.6,0.149791,0,2
C,0.820513,0.0884237,0,4
C,0.597156,0.0984364,0,4
C,0.802469,0.138893,0,2
C,0.954545,0.123288,0,4
C,0.973684,0.118861,1,2
C,0.862069,0.147296,0,4
C,0.888889,0.106875,0,6
C,0.581395,0.182556,0,2
C,0.582677,0.0994814,1,4
C,0.624434,0.100025,2,4
C,0.939394,0.121181,1,2
C,0.675676,0.103013,2,4
C,0.675325,0.130719,0,2
C,0.958333,0.130294,0,2
C,0.679612,0.0877573,1,4
C,1.07042,0.0872344,1,4
C,0.723404,0.132136,0,2
C,0.714286,0.124566,0,2
C,0.685714,0.141975,0,4
C,0.728261,0.0949045,0,2
C,1.08696,0.123392,1,2
C,0.630435,0.130758,1,4
C,0.962963,0.12259,1,2
C,0.948454,0.131327,0,4
C,0.647436,0.0974919,1,4
C,0.830189,0.144446,0,4
C,0.850575,0.108161,0,4
C,0.9625,0.126487,1,2
C,0.760563,0.102743,0,2
C,0.627907,0.107759,0,4
C,0.964286,0.111514,1,4
C,0.979592,0.102089,0,4
C,0.882353,0.0987038,1,4
C,0.896552,0.126123,1,2
C,0.9,0.0974597,1,4
C,0.76,0.134859,0,4
C,0.771429,0.109967,0,2
C,0.723404,0.150951,0,2
C,0.87234,0.119925,1,4
C,0.934211,0.124328,0,2
C,0.348214,0.148684,0,2
C,0.939394,0.145347,0,4
C,1,0.122565,1,2
C,1.06667,0.0882775,1,4
C,0.854167,0.116077,0,4
C,0.891304,0.127492,1,2
C,1.0751,0.127967,0,2
C,0.589286,0.0979413,0,4
C,0.544776,0.116937,1,4
C,0.717949,0.0921473,0,4
C,0.592105,0.108189,0,4
C,0.870968,0.131138,0,2
C,0.647059,0.127648,1,2
C,0.782609,0.0960615,0,4
C,0.885714,0.129945,1,2
C,0.793651,0.124354,1,2
C,0.626471,0.131461,1,2
C,0.897959,0.103098,0,2
C,0.597222,0.119455,0,2
C,0.815789,0.113294,1,4
C,0.649123,0.136234,0,2
C,0.878788,0.0864239,1,4
C,1.3141,0.102826,0,6
C,0.690909,0.10128,1,4
C,0.642857,0.12196,0,2
C,0.822581,0.117508,0,2
C,1.2807,0.135795,1,2
C,0.980392,0.090569,1,4
C,0.641026,0.0868991,1,4
C,0.897436,0.0878743,1,4
C,0.793814,0.135266,1,2
C,0.842105,0.106541,0,2
C,0.945455,0.130767,1,2
C,0.545455,0.126188,0,4
C,0.636364,0.0915872,2,4
C,0.681818,0.0945504,0,2
C,0.481481,0.157836,0,2
C,0.547445,0.121747,1,4
C,0.869565,0.105408,0,4
C,0.354167,0.218021,0,2
C,1,0.108812,0,4
C,1,0.107499,1,4
C,0.821918,0.111802,1,2
C,1,0.121175,1,2
C,0.980392,0.157392,0,4
C,0.54955,0.147313,0,2
C,0.916667,0.104969,0,6
C,0.923077,0.134173,0,4
C,1.11594,0.0765819,0,6
C,0.788462,0.128592,0,4
C,0.880597,0.116466,0,2
C,0.885714,0.11915,1,2
C,0.884615,0.120789,0,4
C,1.07407,0.112094,0,2
C,0.8,0.100853,1,4
C,0.553846,0.120561,0,2
C,0.356643,0.13328,0,2
C,0.526882,0.133638,0,2
C,0.484375,0.157154,0,2
C,0.888889,0.152849,0,4
C,0.612245,0.0932569,0,4
C,0.775,0.151204,0,2
C,0.747368,0.150942,1,2
C,0.618056,0.116524,0,2
C,0.772277,0.126513,1,2
C,0.972222,0.116034,0,2
C,1,0.133308,0,4
C,0.569892,0.143354,0,2
C,1.64286,0.0908966,0,4
C,1.04348,0.102671,1,4
C,0.685714,0.119415,1,4
C,0.538462,0.155995,0,2
C,0.541353,0.135604,0,2
C,0.948718,0.100305,1,4
C,0.785714,0.0919943,0,2
C,0.735294,0.12469,0,2
C,0.422764,0.136453,0,2
C,1.08696,0.0798414,0,4
C,0.944444,0.0904762,0,4
C,1.04762,0.0932089,0,4
C,0.692308,0.134096,0,2
C,0.545455,0.179135,0,2
C,0.403226,0.217481,0,2
C,0.55814,0.11565,1,4
C,0.904255,0.150303,0,4
C,0.553571,0.143053,0,2
C,0.752809,0.100039,1,2
C,0.955556,0.129522,1,2
C,1.49438,0.104486,1,4
C,0.6,0.137292,0,2
C,0.678571,0.0752356,0,6
C,0.882353,0.143791,0,4
C,0.96875,0.126892,1,2
C,0.634146,0.113312,0,4
C,1.09459,0.135274,0,2
C,0.911111,0.153703,0,4
C,0.541063,0.110856,1,4
C,1.02381,0.0945354,0,4
C,0.916667,0.130191,0,4
C,1.19231,0.120422,0,6
C,0.569892,0.183616,0,2
C,0.84,0.138505,0,4
C,0.897727,0.121974,1,2
C,1.5,0.0934189,0,6
C,0.564972,0.123732,1,4
C,0.75,0.165413,0,2
C,0.631579,0.145134,0,2
C,0.888889,0.121187,1,4
C,0.628571,0.119812,1,4
C,1.09859,0.0805311,0,4
C,0.53125,0.169599,0,2
C,1,0.0980534,0,4
C,0.716667,0.116089,1,4
C,0.764706,0.123402,1,2
C,0.939394,0.145347,0,4
C,0.625,0.125911,1,4
C,0.758929,0.103094,0,2
C,0.723684,0.125838,1,2
C,0.519481,0.154474,0,2
C,0.93617,0.123972,0,2
C,0.59322,0.114267,0,2
C,0.868056,0.116733,0,4
C,0.51049,0.153021,0,2
C,0.969697,0.0870451,0,4
C,0.818182,0.132091,0,4
C,0.832258,0.125283,1,2
C,0.811881,0.129395,0,2
C,0.853107,0.111317,1,4
C,0.722543,0.0848389,1,4
C,0.666667,0.136004,0,4
C,0.537879,0.19333,0,2
C,0.72,0.0977965,1,4
C,0.879032,0.124507,0,4
C,0.764706,0.138943,0,4
C,0.168478,0.174155,0,2
C,0.857143,0.125042,0,4
C,0.534351,0.123626,1,4
C,0.794118,0.108831,0,4
C,0.823944,0.104949,1,4
C,0.742268,0.152829,0,4
C,0.658824,0.111411,2,4
C,0.863158,0.109508,0,4
C,0.76087,0.127356,1,2
C,1,0.123333,0,4
C,0.886792,0.0896088,0,4
C,0.571429,0.104851,0,4
C,0.964286,0.127861,1,2
C,0.870968,0.139188,1,2
C,0.405797,0.174158,0,2
C,0.452206,0.0808516,1,4
C,0.175439,0.177543,0,2
C,0.784946,0.115832,0,2
C,0.528169,0.120889,1,4
C,0.75,0.133099,0,4
C,0.947368,0.0894216,0,4
C,0.419476,0.0758726,0,2
C,0.978261,0.123203,1,2
C,0.9,0.102439,2,4
C,0.724409,0.12219,1,2
C,0.903226,0.141236,0,4
C,1,0.109689,0,2
C,0.967742,0.133218,1,2
C,0.764943,0.090787,1,4
C,0.754098,0.136961,0,4
C,0.918367,0.127894,0,4
C,0.847826,0.106276,0,4
C,0.821429,0.100582,0,4
C,1.2381,0.087841,0,6
C,0.589404,0.120546,0,2
C,1,0.116172,1,2
C,0.747253,0.099596,0,2
C,1.33918,0.0831658,0,6
C,1.04878,0.0968639,0,4
C,0.820513,0.128203,2,2
C,1.05882,0.0931598,0,4
C,0.849057,0.119355,1,4
C,0.984375,0.144006,1,2
C,0.569231,0.128822,0,2
C,0.521739,0.168832,0,2
C,0.675676,0.111684,1,4
C,0.888889,0.128487,0,2
C,1,0.0882295,0,4
C,0.877193,0.129322,0,2
C,1.06061,0.0851164,0,6
C,0.857143,0.140949,0,4
C,0.513699,0.154179,0,2
C,1,0.130114,1,2
C,0.936508,0.117726,1,4
C,1.07937,0.121745,1,2
C,0.722892,0.124655,1,2
C,0.75,0.140658,1,2
C,0.740741,0.125976,0,4
C,0.646341,0.0638693,0,6
C,0.978261,0.121641,1,2
C,1.21739,0.115752,1,2
C,1.10577,0.115124,0,2
C,0.88806,0.0961928,0,2
C,0.849673,0.126381,0,4
C,1.33333,0.0982382,0,6
C,0.981481,0.147803,1,2
C,0.804348,0.130061,1,4
C,0.92381,0.0828418,0,4
C,0.88,0.101107,0,2
C,1.11905,0.139138,0,4
C,0.532995,0.140831,0,2
C,1.52336,0.124694,0,4
C,0.690141,0.103487,0,2
C,0.90625,0.122917,0,4
C,1,0.109689,0,2
C,1.06522,0.138161,0,4
C,0.892308,0.125104,0,2
C,0.921053,0.0882827,0,4
C,0.706897,0.139265,1,2
C,1,0.0854916,1,4
C,0.875969,0.116074,1,2
C,0.837838,0.153181,0,2
C,0.2,0.180313,0,2
C,0.925926,0.12141,1,4
C,0.605263,0.116674,1,4
C,0.962963,0.108589,1,4
C,0.314607,0.191975,0,2
C,0.617647,0.101262,0,4
C,0.672131,0.157359,0,2
C,0.852941,0.0920712,1,4
C,1.75806,0.1133,0,6
C,0.666667,0.143346,0,4
C,1.375,0.100309,0,6
C,0.963636,0.127976,1,2
C,0.83871,0.140313,0,4
C,0.668605,0.0897054,0,4
C,0.818182,0.124891,1,2
C,1.13699,0.074794,0,6
C,0.695652,0.129911,1,2
C,0.773585,0.124231,1,2
C,0.511111,0.166315,0,2
C,0.8125,0.115796,0,4
C,0.623377,0.133898,0,2
C,1.03279,0.107798,1,4
C,0.888889,0.0973831,0,2
C,0.892857,0.0748408,0,6
C,0.604651,0.123986,1,4
C,0.68254,0.126938,0,2
C,0.382353,0.141899,0,2
C,1.38095,0.0839509,0,6
C,0.924528,0.1171,0,4
C,0.785714,0.100726,0,4
C,0.8,0.108597,1,4
C,0.484848,0.117533,1,2
C,0.59375,0.109372,0,2
C,0.710526,0.118238,0,2
C,0.921053,0.114185,1,4
C,0.609023,0.135006,0,2
C,0.657895,0.110027,1,2
C,0.586207,0.101808,0,4
C,1.03448,0.133492,0,4
C,0.918033,0.131212,1,2
C,0.75,0.150373,0,2
C,0.511111,0.134708,0,2
C,0.28169,0.207049,0,2
C,0.847134,0.12761,0,4
C,0.818182,0.121274,0,2
C,1.02564,0.0812149,0,6
C,1.04167,0.141999,1,2
C,0.549296,0.0993187,0,4
C,0.981818,0.12852,1,2
C,0.75,0.117851,0,2
C,0.786885,0.112421,1,4
C,0.694444,0.08176,0,4
C,0.975,0.0821852,0,4
C,0.878788,0.121998,0,4
C,1.05,0.0926747,0,4
C,0.692308,0.0995859,0,4
C,0.4,0.182884,0,2
C,1.23853,0.0869832,0,4
C,0.867925,0.152562,0,4
C,0.84,0.147484,0,4
C,0.555556,0.154683,0,2
C,0.771812,0.1199,1,4
C,1.53125,0.121719,0,6
C,0.467949,0.152576,0,2
C,0.95,0.118012,1,4
C,1.45536,0.0824139,0,6
C,0.87234,0.126936,0,2
C,0.394737,0.155856,0,2
C,0.733333,0.14565,0,4
C,0.759259,0.133761,1,2
C,0.818182,0.109753,0,4
C,1.06977,0.105388,1,4
C,0.758065,0.135791,0,4
C,0.657534,0.0958632,1,4
C,0.695312,0.13825,1,2
C,1.08571,0.103407,0,4
C,0.316176,0.15089,0,2
C,0.714286,0.141312,0,2
C,0.84874,0.118661,0,2
C,0.903614,0.147051,0,2
C,0.925926,0.105964,0,4
C,0.925,0.127221,0,2
C,0.555556,0.0958023,0,4
C,0.617647,0.136463,1,2
C,0.666667,0.123408,0,2
C,0.777778,0.151108,1,2
C,0.548781,0.11226,0,2
C,1.0303,0.111174,1,2
C,0.524823,0.148821,0,2
C,0.787879,0.107108,0,4
C,0.789474,0.0979609,0,4
C,0.488889,0.160772,0,2
C,1.45833,0.116709,0,6
C,0.763158,0.104335,0,2
C,1.02857,0.0782524,0,4
C,0.684211,0.124784,1,4
C,1,0.13272,1,2
C,0.690909,0.0947607,1,4
C,0.380282,0.134365,0,2
C,0.890909,0.125556,1,2
C,0.708333,0.149246,1,2
C,0.87234,0.0860884,0,4
C,0.846154,0.103903,0,4
C,0.88,0.0941332,1,4
C,0.90625,0.111288,0,2
C,0.896552,0.122364,1,2
C,1.21739,0.115752,1,2
C,0.903846,0.0870685,0,4
C,1.58333,0.105552,1,4
C,0.878788,0.154914,0,2
C,0.921053,0.0942722,1,4
C,0.8,0.134985,1,2
C,0.769231,0.097937,1,2
C,0.944444,0.108322,1,4
C,1.09302,0.103212,1,4
C,0.744681,0.129017,0,2
C,0.62069,0.104042,2,4
C,1.06024,0.0902247,1,4
C,1.02326,0.146168,0,4
C,0.988095,0.0888932,0,4
C,0.595745,0.095436,2,4
C,0.764706,0.100693,1,2
C,0.258065,0.197878,0,2
C,0.705263,0.12908,0,2
C,0.644737,0.134717,0,4
C,0.6,0.132459,0,2
C,0.777778,0.133824,0,4
C,1.07177,0.121252,1,4
C,0.384146,0.138528,0,2
C,0.938776,0.126566,0,4
C,0.702703,0.108112,1,4
C,1.21739,0.121413,1,2
C,0.62,0.104828,0,2
C,1.22,0.0865665,1,4
C,0.857143,0.128568,0,4
C,1,0.0987484,1,4
C,0.96,0.127842,1,2
C,0.555556,0.139484,0,2
C,0.685714,0.0951865,0,2
C,1.02469,0.0856878,1,4
C,0.587302,0.166474,0,2
C,0.789062,0.146218,0,4
C,0.525253,0.122438,1,2
C,0.68,0.0999135,2,4
C,0.648649,0.0700698,0,4
C,0.148387,0.167412,0,2
C,0.890909,0.129017,1,2
C,1.03916,0.0820366,0,6
C,0.5625,0.124113,0,4
C,1.55556,0.115858,0,6
C,1,0.113095,0,4
C,0.851351,0.108138,0,4
C,0.28125,0.202886,0,2
C,0.230159,0.192227,0,2
C,1.03448,0.133492,0,4
C,0.675,0.0903642,0,4
C,0.369231,0.118745,1,2
C,1.11475,0.110368,1,2
C,0.666667,0.125804,0,4
C,1,0.118912,1,4
C,0.822368,0.0951182,0,4
C,0.84375,0.123768,1,2
C,0.898876,0.106424,0,2
C,0.888158,0.0904836,1,4
C,1.05941,0.0943169,0,4
C,0.880597,0.116466,0,2
C,0.62439,0.0791425,2,4
C,0.769231,0.135526,1,2
C,1.14286,0.104038,1,4
C,0.782609,0.111125,0,4
C,0.754386,0.148107,0,2
C,1.4,0.0927426,1,4
C,1.01053,0.0880673,1,4
C,1.08333,0.0993933,0,2
C,0.220183,0.18699,0,2
C,0.895833,0.106678,0,4
C,0.88,0.150924,0,4
C,1.30769,0.0991865,0,6
C,0.777778,0.125996,1,2
C,0.6,0.159528,0,2
C,0.730769,0.111959,1,4
C,0.8,0.0939064,1,4
C,0.586957,0.116731,0,2
C,0.965517,0.131796,1,2
C,0.663043,0.119701,0,2
C,0.94,0.10868,1,2
C,1.13095,0.0824485,0,4
C,1.09302,0.100868,0,6
C,1.16401,0.115131,1,4
C,0.445378,0.107003,0,2
C,0.810811,0.120654,0,4
C,0.657143,0.183137,0,2
C,0.685714,0.153159,0,2
C,0.555556,0.0958023,0,4
C,0.619048,0.117665,0,4
C,0.428571,0.0728414,1,4
C,0.60241,0.133047,0,2
C,0.575581,0.114807,0,4
C,0.791667,0.142794,0,4
C,0.657534,0.0958632,1,4
C,0.744186,0.133723,1,2
C,1,0.0765519,0,6
C,0.869565,0.0955416,1,4
C,0.771429,0.178174,0,2
C,0.837838,0.113841,0,4
C,0.65,0.123455,0,4
C,0.343137,0.152989,0,2
C,0.740741,0.107704,0,4
C,0.875,0.0892067,1,4
C,1.0177,0.0888473,0,4
C,0.96,0.12614,0,4
C,0.553571,0.179225,0,2
C,1,0.129688,0,2
C,0.964286,0.102715,0,4
C,0.528986,0.112081,1,4
C,0.525547,0.109072,0,4
C,0.591928,0.119053,0,4
C,0.73913,0.125559,0,2
C,1.15493,0.0895817,1,4
C,0.914286,0.12842,1,2
C,0.911765,0.120057,1,2
C,1.06818,0.117775,0,2
C,0.84375,0.140102,0,4
C,0.756944,0.114049,1,4
C,0.746667,0.119955,0,4
C,0.71875,0.128356,1,2
C,0.371041,0.1076,0,4
C,0.910112,0.129369,0,2
C,0.541436,0.131653,0,2
C,1.09091,0.146341,1,2
C,0.622222,0.119831,1,4
C,0.71875,0.096475,0,4
C,0.83871,0.14911,0,4
C,1.08696,0.104329,0,4
C,1.39286,0.118894,0,6
C,0.877419,0.12551,0,4
C,0.826446,0.0992849,0,4
C,0.836364,0.167888,0,2
C,0.563636,0.149671,0,2
C,0.888889,0.0897865,1,4
C,0.852941,0.122768,1,2
C,0.605263,0.116512,1,4
C,0.878788,0.154914,0,2
C,0.795455,0.121368,1,2
C,0.970588,0.0867351,0,4
C,0.588235,0.13268,0,2
C,0.722973,0.110416,0,2
C,0.84375,0.134733,0,4
C,0.690909,0.101198,1,4
C,0.645161,0.114894,0,2
C,0.654545,0.131765,0,2
C,0.777778,0.135954,0,2
C,0.878049,0.11391,0,4
C,0.684211,0.115509,1,4
C,0.657143,0.11359,0,2
C,0.806452,0.124354,0,2
C,0.882353,0.123995,1,2
C,0.552239,0.113192,1,4
C,0.705882,0.0970014,2,4
C,0.852941,0.0857904,1,4
C,0.851351,0.13235,1,4
C,0.891566,0.167061,1,2
C,0.736842,0.108625,0,4
C,1.00813,0.101098,0,4
C,0.509434,0.127657,0,2
C,0.769231,0.11619,0,4
C,0.87234,0.120107,1,2
C,1.05,0.0969045,1,4
C,1.05769,0.104718,0,4
C,0.259843,0.179735,0,2
C,0.884615,0.141247,0,4
C,0.909091,0.0941206,1,4
C,0.951807,0.111678,1,2
C,0.892857,0.143987,0,4
C,0.745455,0.140641,0,2
C,0.542373,0.0935818,1,4
C,0.789474,0.124354,1,2
C,0.597701,0.131851,0,4
C,0.430894,0.162564,0,2
C,0.142857,0.16501,0,2
C,0.886364,0.126219,0,4
C,0.851852,0.154937,0,2
C,0.76087,0.138401,1,2
C,0.851852,0.123853,0,4
C,0.97561,0.110237,1,2
C,0.196809,0.182925,0,2
C,0.886792,0.153163,0,4
C,0.203846,0.110596,0,2
C,0.390805,0.17874,0,2
C,0.711111,0.173907,0,2
C,0.764706,0.141352,0,2
C,0.717105,0.110068,1,4
C,0.925926,0.103656,0,4
C,1.02128,0.116258,1,4
C,0.86,0.101197,0,2
C,0.90566,0.1135,0,4
C,0.588571,0.120913,0,2
C,1.5,0.107369,0,6
C,0.625,0.163039,0,2
C,0.554348,0.0967425,1,4
C,0.764706,0.119583,1,2
C,0.888889,0.132145,0,4
C,0.971014,0.116072,0,2
C,0.863158,0.140372,1,2
C,1.10891,0.119057,10,4
C,0.783333,0.130982,0,2
C,1.46575,0.105524,0,6
C,0.688889,0.117436,1,4
C,0.94,0.110794,0,4
C,1.02273,0.0840884,0,6
C,1.33333,0.0845691,0,6
C,0.864865,0.110507,1,4
C,0.673913,0.102704,0,2
C,0.994413,0.134875,0,4
C,0.875,0.12644,1,2
C,0.846154,0.122381,0,4
C,1.07407,0.117436,0,2
C,0.781457,0.117582,1,4
C,1,0.106636,0,4
C,0.868217,0.125017,0,4
C,0.7,0.140546,1,2
C,0.695312,0.135841,0,2
C,0.758621,0.106747,0,2
C,0.8,0.125216,0,2
C,0.74359,0.0916912,0,2
C,0.848485,0.0947343,1,4
C,0.90625,0.118887,0,2
C,0.631579,0.112604,1,4
C,1.0339,0.11815,0,4
C,0.893939,0.161435,0,2
C,0.759259,0.128161,1,2
C,1.125,0.114531,1,2
C,1.05714,0.144525,1,4
C,1.16923,0.0857623,0,6
C,0.821053,0.0980225,0,4
C,0.923077,0.103383,1,4
C,0.382609,0.108297,0,2
C,0.830769,0.11314,0,4
C,2.28571,0.106852,0,6
C,0.909091,0.0832842,0,4
C,0.967742,0.135173,1,2
C,1.08333,0.147648,0,2
C,0.5,0.142458,0,2
C,0.823899,0.126151,1,2
C,0.810811,0.0928343,1,4
C,0.586207,0.101808,0,4
C,0.846154,0.106522,0,2
C,0.864662,0.125592,1,2
C,0.878261,0.0983715,1,4
C,1,0.0829022,1,4
C,1.4087,0.0838464,0,6
C,0.755319,0.148538,1,2
C,1.01515,0.118013,0,4
C,1.29032,0.0968307,0,2
C,0.944444,0.10788,0,4
C,0.606061,0.153012,0,2
C,0.958333,0.106577,0,4
C,1.09677,0.110463,1,2
C,0.659574,0.114789,1,2
C,0.973684,0.122231,0,2
C,0.872727,0.129941,1,2
C,0.733333,0.122634,1,2
C,1,0.115016,0,6
C,0.888889,0.0952318,0,2
C,0.621622,0.119175,0,4
C,0.924528,0.1171,0,4
C,0.560976,0.154009,0,2
C,0.922078,0.120906,1,2
C,0.711111,0.116344,0,4
C,0.644231,0.124077,0,2
C,0.894737,0.113528,0,4
C,1.52703,0.105161,0,6
C,0.843537,0.11824,0,4
C,0.923077,0.0973822,1,4
C,1,0.147466,0,4
C,0.871429,0.162203,0,2
C,0.831169,0.124008,1,2
C,1.12264,0.134657,1,4
C,0.581818,0.0908034,0,4
C,0.915663,0.105862,0,2
C,0.767296,0.1261,1,2
C,0.811321,0.107665,1,4
C,0.87234,0.106056,0,2
C,0.951807,0.114198,1,4
C,0.946237,0.123574,0,4
C,0.716981,0.155183,0,2
C,0.576923,0.165657,0,2
C,0.852941,0.0936842,1,4
C,0.28,0.126873,0,2
C,0.435294,0.125268,1,4
C,0.421053,0.130307,0,2
C,1.30827,0.107361,0,6
C,0.16568,0.168682,0,2
C,0.923077,0.0938938,1,4
C,0.583333,0.137394,1,2
C,0.638298,0.106854,0,2
C,1.08571,0.136865,0,4
C,0.60177,0.120389,1,2
C,0.483333,0.147786,0,2
C,0.820513,0.162735,0,2
C,0.554745,0.114991,0,4
C,0.680556,0.113553,0,2
C,0.561404,0.103387,1,4
C,1,0.103056,1,4
C,0.581395,0.172636,0,2
C,1.06944,0.117788,1,4
C,1.06452,0.108796,1,4
C,0.877358,0.0914133,1,4
C,0.653061,0.0837313,0,4
C,1.23077,0.117293,0,2
C,0.783784,0.0942809,0,4
C,0.647059,0.102071,1,4
C,1,0.0876037,1,4
C,0.793651,0.127118,1,2
C,1.55556,0.113636,0,6
C,1,0.123807,1,2
C,1,0.148847,1,4
C,0.474359,0.0867443,1,4
C,0.542553,0.125265,0,4
C,0.746154,0.132372,1,2
C,1.375,0.0962953,0,6
C,1.41818,0.111205,0,6
C,0.833333,0.0854855,2,4
C,0.725,0.104704,0,4
C,0.604651,0.108956,0,4
C,0.878378,0.0788751,0,4
C,0.634146,0.116778,0,4
C,0.423913,0.154665,0,2
C,0.817204,0.139123,1,2
C,1.07407,0.112823,1,2
C,0.435294,0.092981,0,2
C,0.894737,0.115075,1,2
C,0.758065,0.141807,0,2
C,0.892857,0.142857,0,4
C,1.38462,0.114462,0,6
C,0.30137,0.210395,0,2
C,0.684211,0.128693,0,2
C,0.777778,0.145395,1,2
C,0.862069,0.145845,0,4
C,0.8125,0.0823217,1,4
C,0.831461,0.128861,2,2
C,1,0.119693,0,4
C,0.847328,0.148477,0,2
C,0.807692,0.122552,0,2
C,0.833333,0.14025,1,2
C,0.7,0.112612,1,2
C,1.03333,0.117736,1,2
C,0.794118,0.121274,1,2
C,0.647436,0.126897,1,2
C,0.86,0.17,0,2
C,0.870968,0.120465,0,2
C,0.393443,0.157461,0,2
C,0.75,0.120267,1,4
C,0.835821,0.128579,1,2
C,0.833333,0.0938997,0,4
C,0.714286,0.121965,0,2
C,0.448718,0.150604,0,2
C,0.829787,0.0925969,0,4
C,0.771429,0.110116,0,2
C,0.685714,0.134009,1,2
C,0.443114,0.119202,1,4
C,0.764706,0.135055,1,2
C,0.909091,0.106904,0,4
C,0.904762,0.109475,1,4
C,0.644444,0.11385,0,2
C,0.514852,0.120469,0,2
C,0.653333,0.142214,1,2
C,0.443182,0.149147,0,2
C,1.17391,0.135826,0,4
C,0.69,0.13951,1,2
C,0.678571,0.134562,0,2
C,0.68,0.140129,1,2
C,0.53211,0.13527,0,2
C,0.321429,0.158195,0,2
C,0.678414,0.133325,0,4
C,0.634146,0.0830061,0,2
C,0.253968,0.180407,0,2
C,0.741935,0.107233,0,4
C,0.941176,0.105395,1,4
C,0.717949,0.122552,0,2
C,0.962963,0.126178,1,2
C,0.675676,0.116028,0,4
C,0.587302,0.151808,0,2
C,0.96875,0.132659,1,2
C,0.92,0.120384,1,2
C,1.20833,0.0862069,1,6
C,0.555556,0.153623,0,2
C,0.704225,0.134755,1,2
C,0.942857,0.134304,1,2
C,0.588785,0.105274,1,4
C,0.771429,0.117666,0,2
C,0.746479,0.104361,1,2
C,0.96875,0.128045,1,2
C,0.525346,0.155602,0,2
C,0.918367,0.102055,0,4
C,0.707865,0.147881,1,2
C,1,0.133317,1,2
C,0.631285,0.161792,0,2
C,0.724409,0.121899,1,2
C,0.961538,0.142525,1,2
C,0.823529,0.0890392,1,4
C,0.765957,0.0771764,0,4
C,0.738854,0.125292,0,2
C,0.757576,0.122155,0,2
C,0.884615,0.110613,1,4
C,1.02632,0.0932925,1,4
C,0.962963,0.105261,1,2
C,0.959459,0.135755,1,2
C,0.767123,0.121917,0,4
C,0.87234,0.106304,0,2
C,0.978261,0.124278,1,2
C,0.791367,0.136802,0,2
C,1.04545,0.0962527,0,6
C,0.739437,0.108175,1,2
C,0.77193,0.127036,0,4
C,0.537201,0.118146,0,2
C,1.05882,0.0977104,2,2
C,0.878788,0.137267,0,4
C,0.884615,0.120647,0,2
C,0.96,0.12614,0,4
C,0.787879,0.0818686,2,4
C,0.649123,0.13761,0,2
C,0.589286,0.0979413,0,4
C,1.2,0.118741,0,4
C,0.531915,0.142608,0,2
C,0.922535,0.101615,1,4
C,0.823944,0.103774,1,4
C,0.956522,0.141751,0,4
C,1,0.131789,0,4
C,0.574194,0.102026,0,4
C,0.845304,0.14439,1,2
C,1.05,0.0914442,0,6
C,1.03333,0.117736,1,2
C,0.693333,0.12762,0,2
C,0.969072,0.10758,1,2
C,0.265625,0.135099,0,2
C,0.45,0.156029,0,2
C,1,0.130435,1,4
C,0.971429,0.123222,0,4
C,0.914286,0.0979381,1,4
C,1.4,0.0869081,1,4
C,0.622222,0.128143,1,4
C,0.634146,0.113638,0,2
C,0.857143,0.124954,1,4
C,0.706897,0.123784,0,4
C,0.870968,0.131039,1,2
C,0.690476,0.135166,0,2
C,0.609756,0.136233,0,2
C,0.703704,0.100949,0,4
C,0.87037,0.131162,0,4
C,0.916667,0.115148,1,2
C,0.654545,0.110381,1,4
C,0.714286,0.110881,0,4
C,1.13333,0.10989,0,6
C,1.0813,0.07192,0,6
C,0.777778,0.129344,1,2
C,0.636364,0.139364,0,2
C,0.569444,0.128885,0,2
C,0.847826,0.128745,1,2
C,1.16071,0.128623,0,2
C,0.875,0.133082,0,2
C,0.878788,0.121998,0,4
C,0.84,0.128237,1,4
C,0.80198,0.129524,1,2
C,0.554404,0.140333,0,2
C,0.88,0.125,1,2
C,0.647436,0.0901246,1,4
C,0.585106,0.186477,0,2
C,1.05405,0.111662,1,2
C,0.782609,0.0998412,1,4
C,0.747475,0.109068,1,2
C,0.540984,0.148727,0,2
C,0.768595,0.153887,0,2
C,1.44444,0.100377,0,6
C,0.561644,0.158826,0,2
C,0.842105,0.0977965,1,2
C,0.887805,0.116614,1,4
C,0.575,0.133013,0,2
C,1,0.106002,0,4
C,0.869565,0.117717,0,4
C,1.06796,0.134066,1,4
C,0.918519,0.0950232,0,4
C,0.566038,0.18676,0,2
C,0.767857,0.0993032,1,2
C,0.931035,0.150599,0,4
C,0.79845,0.101579,0,4
C,0.909091,0.113674,0,2
C,0.8125,0.128246,1,2
C,0.896552,0.118626,0,2
N,2.6087,0.0790053,6,12
N,0.6,0.0562729,1,6
N,1.42857,0.0852729,1,4
N,1.34783,0.0678996,4,6
N,1.13636,0.0782913,0,2
N,1,0.0824281,1,6
N,0.636364,0.0809385,2,4
N,1.18182,0.0880631,1,2
N,1.16,0.108221,2,4
N,1.08,0.0598171,1,6
N,1.09524,0.0787968,1,2
N,1.0051,0.0489479,73,8
N,1.04348,0.0801454,0,4
N,0.923077,0.0855267,1,4
N,0.956522,0.0728869,0,4
N,1.25926,0.0713648,3,6
N,1.4,0.0819059,1,4
N,2,0.0742733,1,6
N,2.55,0.0716959,2,8
N,0.96,0.075412,2,2
N,0.733333,0.0597861,0,4
N,1,0.104425,1,2
N,2.74167,0.00786619,7583,20
N,1.62222,0.0595639,6,4
N,1.13636,0.0678837,0,6
N,0.913043,0.0945247,0,2
N,1.05,0.0728486,0,4
N,1.09091,0.0727607,0,4
N,1.375,0.0579179,2,4
N,1.22222,0.0664361,2,10
N,1.1,0.0771061,0,4
N,0.488372,0.0364761,3,6
N,0.708333,0.0422053,22,6
N,1.75,0.0994698,0,4
N,1.14286,0.107299,2,4
N,1.08824,0.149583,3,2
N,1,0.0935044,2,4
N,1.05,0.0666487,2,4
N,0.709677,0.0817496,1,2
N,0.741935,0.0721312,2,4
N,2.1,0.096905,0,4
N,0.769231,0.0424184,10,8
N,0.785714,0.0927025,1,4
N,5.52381,0.139812,3,6
N,0.909091,0.071492,1,6
N,0.793103,0.0848519,0,2
N,1.44681,0.0853707,3,4
N,1.24,0.0738825,1,4
N,1.12121,0.0762712,1,4
N,1,0.0773694,0,4
N,1.15,0.0761736,1,4
N,0.666667,0.0677014,0,4
N,0.336207,0.0700074,1,4
N,1,0.0832545,0,4
N,1.1,0.0785714,0,2
N,0.787879,0.0803801,3,4
N,0.884615,0.0803386,1,4
N,1.2381,0.0830055,2,6
N,0.512821,0.0654669,1,4
N,1.11538,0.0605612,1,8
N,1.23684,0.0582847,4,6
N,0.84375,0.0937079,3,4
N,0.821429,0.0902894,2,2
N,1.15385,0.0590952,8,6
N,1.13636,0.101762,1,2
N,1.24138,0.0572115,0,6
N,1.26087,0.0897467,1,4
N,1.66667,0.0758692,0,6
N,1.22581,0.081502,1,4
N,3.33333,0.0756852,1,8
N,1.68182,0.0896333,1,2
N,1,0.0889323,1,2
N,1,0.079947,1,2
N,1.08333,0.0726332,1,4
N,0.167382,0.0506691,0,2
N,1.5,0.071177,1,6
N,1.53846,0.084232,1,4
N,0.766667,0.0715366,0,4
N,0.774194,0.0651385,0,2
N,0.588235,0.0715867,1,2
N,1.5,0.056142,5,8
N,1.04167,0.0757907,1,4
N,0.8,0.0602224,0,6
N,0.833333,0.0848655,1,2
N,0.84,0.0677576,1,4
N,1.25806,0.141455,0,2
N,0.765957,0.0438541,4,4
N,1.15,0.078394,0,4
N,1.33333,0.0820479,1,4
N,8.3323,0.033489,341,16
N,1.04545,0.0721393,0,4
N,0.954545,0.0715052,1,4
N,0.684211,0.0596946,1,6
N,1,0.0759296,0,4
N,2.57692,0.15194,1,4
N,0.913043,0.0847638,1,4
N,2.7037,0.0838986,0,2
N,0.833333,0.0825982,1,2
N,0.972973,0.107908,2,4
N,1.19048,0.0746578,1,4
N,0.793103,0.085898,0,2
N,0.336207,0.0681728,0,2
N,2.82609,0.0616422,5,4
N,0.666667,0.0847388,1,4
N,1.58182,0.0330534,33,8
N,0.806452,0.0808794,1,2
N,0.769231,0.0663325,2,8
N,1.04167,0.0832838,1,2
N,0.821429,0.071239,1,4
N,0.8,0.0731262,1,4
N,1,0.0810422,1,2
N,1.75,0.0753241,0,8
N,1.21739,0.0729253,1,6
N,0.862069,0.0743629,0,4
N,0.55,0.0700502,2,6
N,1.26087,0.0820505,1,4
N,1.37931,0.0704889,3,4
N,0.775,0.105593,7,4
N,0.882353,0.0808474,1,2
N,1.65714,0.074162,3,2
N,0.8,0.0729153,1,4
N,1.65653,0.0183283,389,20
N,1,0.0767039,1,4
N,1,0.0740741,1,6
N,1.13636,0.0660668,1,6
N,1.08696,0.0975085,2,6
N,1.8,0.0848019,0,6
N,1,0.090086,1,2
N,1,0.0737694,1,4
N,2.80952,0.0788847,1,6
N,0.766667,0.0737842,0,4
N,1.08,0.103489,1,4
N,1.15,0.0790486,1,4
N,1.04348,0.0911179,1,6
N,0.774194,0.0798071,0,2
N,0.857143,0.0750812,1,4
N,0.740741,0.0670333,1,4
N,1.05,0.0755198,0,4
N,1.6,0.0749483,0,6
N,1.88612,0.0406779,251,16
N,1.04545,0.0684297,0,6
N,2.09091,0.0673161,2,10
N,2.19048,0.0906959,1,2
N,1.79362,0.0469143,125,4
N,0.925926,0.0738647,0,6
N,1,0.0850417,0,2
N,1.35,0.075,1,4
N,1.2,0.071023,0,6
N,1.11538,0.0705171,1,8
N,1.08333,0.0956553,1,2
N,1,0.0812695,1,4
N,0.875,0.0687378,0,4
N,0.952381,0.0744323,0,4
N,1.72,0.0723907,2,8
N,0.631579,0.0712,1,4
N,0.362069,0.0693414,0,2
N,1.85714,0.0505123,5,4
N,1.13043,0.0755588,1,4
N,1.1,0.0738863,0,4
N,1,0.0786737,2,4
N,0.714286,0.0869565,2,2
N,0.793103,0.0851049,2,4
N,0.952381,0.0791972,1,2
N,0.869565,0.0614041,1,6
N,1.16667,0.0790783,1,4
N,0.606061,0.0596144,1,4
N,1.73171,0.0684865,5,6
N,3,0.0496611,5,14
N,1.35,0.088672,0,2
N,0.6875,0.0672493,1,4
N,0.814815,0.0817134,3,4
N,0.954545,0.0771287,1,4
N,0.478261,0.0649731,1,4
N,1.52174,0.0632021,3,2
N,0.8125,0.0723622,1,4
N,1.125,0.0748298,4,2
N,1.28571,0.0782743,2,6
N,1.03571,0.0546962,5,6
N,1.31818,0.0808315,2,6
N,1.17391,0.0860151,2,4
N,0.530612,0.0461966,13,2
N,1,0.0797217,1,4
N,0.727273,0.0586673,7,4
N,1,0.0795698,1,4
N,1.36,0.0733962,1,4
N,0.827586,0.0595293,1,6
N,0.807692,0.059108,1,6
N,1.1,0.0715068,0,4
N,0.909091,0.0738863,1,4
N,55.1724,0.0474693,0,42
N,0.756757,0.0497222,4,6
N,0.0477987,0.0444463,1,2
N,1,0.0664179,0,4
N,1.12037,0.0326348,107,8
N,0.965517,0.0749656,2,8
N,0.875,0.0881168,2,4
N,0.815789,0.0794768,0,4
N,0.84,0.0784652,4,4
N,1.21739,0.0708681,1,6
N,0.785714,0.0672937,1,4
N,2.56287,0.0576691,12,4
N,0.174923,0.070093,76,2
N,1,0.0326025,27,12
N,1.05,0.0798734,0,4
N,1.10811,0.05632,13,10
N,1.71429,0.0737621,0,6
N,0.866667,0.065309,1,4
N,1,0.0819672,0,2
N,0.454545,0.0663219,0,6
N,1.52778,0.0613332,4,6
N,1.95455,0.064362,3,4
N,1.90476,0.0588687,72,2
N,1.77273,0.0905675,0,4
N,0.75,0.112924,3,2
N,1.05,0.0824786,1,2
N,1.33333,0.0166146,1580,28
N,0.193287,0.0294211,220,2
N,2.82775,0.0170956,58,10
N,1.25,0.0897263,1,6
N,1.05,0.0706522,6,2
N,1.03704,0.0781655,2,4
N,1.09091,0.0868966,0,2
N,1,0.0981476,1,2
N,0.663866,0.0476734,22,8
N,3.05,0.0710573,2,10
N,1.45,0.0997037,0,2
N,1.72,0.0700732,1,6
N,0.935484,0.0728727,0,4
N,2.45211,0.0247372,526,12
N,0.229167,0.0829961,1,2
N,0.75,0.0870333,2,2
N,1.54545,0.0700964,1,6
N,1,0.0710039,0,4
N,0.666667,0.0717919,0,4
N,18.3333,0.0945282,0,2
N,0.935484,0.0737005,1,4
N,1.64368,0.117192,3,6
N,1.06897,0.0600241,0,2
N,0.8,0.0700218,0,6
N,11.2164,0.0436325,507,18
N,1.45833,0.0744206,26,6
N,1,0.0743503,0,4
N,1.33333,0.0227432,272,14
N,1.26087,0.101986,2,4
N,0.84,0.0662048,1,6
N,1.03704,0.071552,1,6
N,0.757576,0.0680839,0,4
N,1.53333,0.0533245,10,10
N,0.783784,0.0873303,2,4
N,1.25,0.089742,1,6
N,0.90625,0.072947,1,4
N,1.07692,0.0699641,1,6
N,1.33333,0.00949772,4068,62
N,1.696,0.0609304,4,6
N,2.81818,0.0657342,2,6
N,0.833333,0.101376,1,2
N,0.958333,0.0775605,0,2
N,1,0.0808551,2,4
N,1.55,0.0713809,1,6
N,2.01099,0.12812,4,4
N,1.75,0.0770732,0,6
N,0.814815,0.0733557,1,6
N,0.6,0.0588584,9,4
N,1.09524,0.0793036,0,4
N,0.308824,0.0625623,12,4
N,3.88382,0.0230514,938,26
N,0.627907,0.103826,7,4
N,1.59091,0.0817027,1,4
N,0.511111,0.0659198,1,4
N,1.12,0.0693736,1,6
N,0.457627,0.0824275,0,2
N,1.3913,0.0717942,1,4
N,1,0.0816426,2,4
N,2.03846,0.06227,26,12
N,1,0.0723826,1,4
N,0.851852,0.0757862,0,4
N,1.03704,0.0757576,1,4
N,0.957627,0.0404744,131,6
N,1.21212,0.0796096,2,2
N,0.793103,0.107969,0,2
N,0.735294,0.0734497,0,2
N,1.03448,0.0791274,1,2
N,1.13043,0.085375,1,2
N,2.17391,0.0822875,1,4
N,0.727273,0.0837182,0,4
N,0.677419,0.10177,1,2
N,1,0.0729229,1,6
N,2.04545,0.0784997,1,6
N,1.63158,0.115287,2,4
N,0.909091,0.0936438,2,4
N,0.909091,0.0747558,1,4
N,0.954545,0.109608,0,2
N,1.08696,0.096225,2,4
N,1.22727,0.0866025,1,2
N,0.92,0.101369,0,4
N,1.1,0.0774554,1,4
N,0.742574,0.0382277,12,8
N,0.952381,0.0705101,0,6
N,1.14286,0.109397,1,2
N,0.952381,0.0675863,0,6
N,1.04167,0.0597743,1,6
N,0.651163,0.0727511,1,2
N,0.642857,0.0858868,0,4
N,0.823009,0.0463614,165,6
N,0.69697,0.0663717,1,4
N,0.636364,0.0486654,3,4
N,1.14286,0.0657641,1,6
N,0.694444,0.1,0,2
N,4.96124,0.0522202,117,10
N,1.5,0.0603352,1224,2
N,0.952381,0.108432,1,2
N,0.807692,0.0726003,1,4
N,0.961538,0.0931373,4,4
N,1.62857,0.0471698,8,8
N,1.58333,0.0786796,1,4
N,1,0.0915382,1,2
N,26.1739,0.042998,31,34
N,0.5625,0.0549076,5,2
N,0.84,0.0769217,1,4
N,1.82759,0.073663,6,10
N,0.814815,0.0877256,4,4
N,0.6875,0.0657129,1,4
N,0.28125,0.0410973,5,2
N,0.555556,0.0688998,1,4
N,0.682243,0.0247222,43,10
